"","taxon","p_mean","n_mean","log2fold","glm.nb_est","glm.nb_stderr","glm.nb_zval","glm.nb_pval"
"1","Acarospora",0.00112195711768502,0.0157026425401911,-3.80691792453527,-2.63875442601474,5.80432694927326,-0.454618502554396,0.649383721216055
"2","Acarosporaceae",0.00565685647267442,0.0157026425401911,-1.47293489331006,-1.02096066844623,2.34891953603832,-0.434651188677234,0.663815633377621
"3","Acarosporales",0.00565685647267442,0.0157026425401911,-1.47293489331006,-1.02096066844623,2.34891953603832,-0.434651188677234,0.663815633377621
"4","Acaulospora",0.000102977015272509,0.00226082701247859,-4.45645634297313,-3.08898014942031,19.8637128331715,-0.155508699474443,0.876420296183614
"5","Acaulosporaceae",0.000102977015272509,0.00226082701247859,-4.45645634297313,-3.08898014942031,19.8637128331715,-0.155508699474443,0.876420296183614
"6","Achroiostachys",0.0024153371399833,0.00304033114368863,-0.332003887408561,-0.230127558492185,5.67657488688774,-0.0405398612856767,0.967662728437334
"7","Acremonium",0.0090316531110708,0.0152016557184432,-0.751166485149364,-0.520668931312407,2.52483477358691,-0.206219011540592,0.836619837939039
"8","Acremonium acutatum",0.00448782847074008,0.00304033114368863,0.561789069548851,0.389402509627181,5.90227015582189,0.0659750400010209,0.947397697342244
"9","Acremonium persicinum",0.00358947830965367,0.0091209934310659,-1.34541678716802,-0.932571852703531,3.51793763196361,-0.265090501954975,0.790939744018967
"10","Acremonium sclerotigenum",0.00072658158371407,0.00152016557184432,-1.06503176212699,-0.738223763125114,8.17230028955005,-0.0903324323592323,0.92802304819972
"11","Acrophialophora",0.00673174270611011,0.00304033114368863,1.14675157027001,0.794867617735346,5.68866949263928,0.13972821215292,0.888874734995319
"12","Acrostalagmus",0.000262744995587626,0.00152016557184432,-2.5324932751627,-1.75539057346604,9.95359632352133,-0.176357420615691,0.86001315373897
"13","Acrostalagmus luteoalbus",0.000262744995587626,0.00152016557184432,-2.5324932751627,-1.75539057346604,9.95359632352133,-0.176357420615691,0.86001315373897
"14","Agaricales",0.120483125474543,0.202187228047228,-0.746860765782657,-0.51768443407309,0.493538141392019,-1.04892487663257,0.294212695088364
"15","Agaricomycetes",0.308525557450063,0.58752014291209,-0.929248311386692,-0.644105847077775,0.294138055922085,-2.18980792899642,0.0285381694584319
"16","Agaricostilbaceae",0.0013082507709555,0.00806902599165436,-2.62475542783387,-1.81934182446246,5.43537178076534,-0.334722609206004,0.737834344631485
"17","Agaricostilbales",0.0191829274482701,0.0096428609937308,0.992289746217847,0.687802839889437,3.65741745395116,0.188056968762588,0.85083199313911
"18","Agaricostilbomycetes",0.0211429235404202,0.0096428609937308,1.13264172310703,0.785087416956204,3.65217037025598,0.214964620311833,0.829794902612869
"19","Alatospora",0.00040105633762517,0.00785132127009555,-4.29105864443249,-2.97433520100576,6.10694286133242,-0.487041596514432,0.626228853354955
"20","Albifimbria",0.0173903353241178,0.00152016557184432,3.51598537993573,2.43709535299244,7.53228811089908,0.323553124510201,0.746276381576755
"21","Albifimbria verrucaria",0.0173903353241178,0.00152016557184432,3.51598537993573,2.43709535299244,7.53228811089908,0.323553124510201,0.746276381576755
"22","Alternaria",0.034362070402867,0.00304033114368863,3.49851659384401,2.42498691316514,5.25740138785757,0.461252001562191,0.644617817054791
"23","Alternaria alternata",0.000362498235988751,0.00152016557184432,-2.06818258648895,-1.43355492870799,12.2451589454502,-0.117071157270739,0.906803665700547
"24","Amanita",0.00032979979623019,0.00785132127009555,-4.57327304779286,-3.16995131900841,6.57403366955942,-0.482192741678011,0.629669032538825
"25","Amanitaceae",0.00032979979623019,0.00785132127009555,-4.57327304779286,-3.16995131900841,6.57403366955942,-0.482192741678011,0.629669032538825
"26","Amphisphaeriaceae",0.00241294480184782,0.00152016557184432,0.666566446847715,0.462028653288361,7.62284295977538,0.0606110680393677,0.951668958711463
"27","Apiotrichum",0.000792789437487603,0.00472150500622933,-2.5742371536257,-1.78432522512831,6.10373272586047,-0.292333446641336,0.770031688411533
"28","Apiotrichum xylopini",0.000308931045817527,0.00226082701247859,-2.87149384225197,-1.9903678607522,16.7021279203115,-0.119168519738835,0.905141846499967
"29","Arachnomyces",0.0112195711768502,0.00304033114368863,1.88371716443621,1.30569324150134,5.51183224345841,0.236889147533648,0.81274278941225
"30","Arachnomyces pilosus",0.00841467838263764,0.00152016557184432,2.46867966515737,1.7111583496095,7.66680654188126,0.223190495320575,0.82338724901744
"31","Arachnomycetaceae",0.0134634854122202,0.00304033114368863,2.14675157027001,1.48801479829529,5.46672920506325,0.272194715062364,0.785472305251595
"32","Archaeorhizomyces",0.00209757104075662,0.0158257890873501,-2.91548585750045,-2.02086080208883,5.97827059713042,-0.33803434776921,0.735337303961106
"33","Archaeorhizomycetaceae",0.00224800702828516,0.0158257890873501,-2.81555898425826,-1.95159677163884,5.95502311558542,-0.327722786924393,0.743121272596876
"34","Archaeorhizomycetales",0.00309159956456847,0.0158257890873501,-2.35585206218465,-1.63295221471962,5.86573165762163,-0.278388496104803,0.780714149400332
"35","Archaeorhizomycetes",0.00314174489374465,0.0180866160998287,-2.52528456815712,-1.75039387852965,5.51476791368665,-0.31740118640088,0.750939207103959
"36","Archaeosporaceae",0.000560978558842509,0.00226082701247859,-2.01083307251916,-1.39380327479335,16.7504623369268,-0.0832098390335573,0.933684689455577
"37","Archaeosporales",0.00032979979623019,0.00226082701247859,-2.77718819577675,-1.92500016778702,16.0129793132142,-0.120214991235171,0.904312842609082
"38","Archaeosporomycetes",0.00032979979623019,0.00226082701247859,-2.77718819577675,-1.92500016778702,16.0129793132142,-0.120214991235171,0.904312842609082
"39","Arthrodermataceae",0.000560978558842509,0.00152016557184432,-1.43821093045115,-0.996891851492708,10.6882443928957,-0.0932699342237462,0.925689116952386
"40","Arthrographis",0.000525489991175251,0.00152016557184432,-1.5324932751627,-1.0622433929061,8.77190615569971,-0.121096073538804,0.903614939152391
"41","Ascobolaceae",0.0166391407773129,0.00760082785922159,1.13035247037034,0.783500627876169,3.41504874674239,0.229425898714784,0.818537908666008
"42","Ascobolus",0.0156606898025875,0.00760082785922159,1.04291929385065,0.722896568084148,3.42143529245089,0.211284594415437,0.832665203459247
"43","Ascotricha",0.00168293567652753,0.00152016557184432,0.146751570270008,0.101720437175402,8.6385907338735,0.0117751193810511,0.990605031152203
"44","Aspergillaceae",0.0396012896148998,0.0155619613206346,1.34752351343005,0.934032124072268,1.58070260100774,0.590896809733088,0.554589563704199
"45","Aspergillus",0.0238154755049062,0.0152016557184432,0.647670887934234,0.448931249902367,2.41805616655619,0.185657908245257,0.852713038705081
"46","Aspergillus flavus",0.00112195711768502,0.00152016557184432,-0.438210930451149,-0.303744670932763,9.19394254879054,-0.0330374775914519,0.973644701147076
"47","Aspergillus fumigatus",0.000338045489734522,0.00304033114368863,-3.16893916252796,-2.19654124587225,7.28921268306311,-0.301341357616857,0.763154206861213
"48","Aspergillus terreus",0.000458435190532687,0.00304033114368863,-2.72943876818888,-1.89190278668113,7.26454711206231,-0.260429557066227,0.794532446076018
"49","Atheliales",0.00336207332729774,0.07066189143086,-4.39350927143981,-3.04534856426248,1.86303348509236,-1.63461826565694,0.102129096157361
"50","Auriculariales",0.011573094748277,0.00304033114368863,1.92847433417057,1.33671654751255,5.30047857247652,0.252187897608649,0.800895832137953
"51","Beauveria",0.0013082507709555,0.00304033114368863,-1.21658935707803,-0.843275482757871,6.02473542510784,-0.139968882159299,0.888684576756019
"52","Bionectriaceae",0.00790615079926097,0.00608066228737727,0.378747006685142,0.262527419829325,3.83516599626684,0.0684526875981039,0.945425281511551
"53","Bisifusarium",0.0100976140591652,0.00152016557184432,2.73171407099116,1.89347990640345,7.62362778336159,0.248369930984293,0.803848196400123
"54","Bisifusarium penzigii",0.00729272126495262,0.00152016557184432,2.26222878768994,1.56805750596883,7.70644913164505,0.203473412875705,0.838765024460838
"55","Bolbitiaceae",0.0010980644145069,0.0091209934310659,-3.05422827892807,-2.11702972032544,4.05964813215388,-0.521481086884798,0.602031677507876
"56","Botryosphaeriaceae",0.0147533776217931,0.00152016557184432,3.27874490995201,2.27265279010852,7.44019826143934,0.305455944888875,0.760018918450876
"57","Botryosphaeriales",0.0180388457838074,0.00152016557184432,3.56880665932525,2.47370827387485,7.43361081877221,0.332773444047939,0.739305305428774
"58","Boubovia",0.00504880702958259,0.00152016557184432,1.73171407099116,1.20033272584351,7.83714300233198,0.153159477310334,0.878272512992546
"59","Bovista",0.00504880702958259,0.00152016557184432,1.73171407099116,1.20033272584351,7.83714300233198,0.153159477310334,0.878272512992546
"60","Bovista plumbea",0.00168293567652753,0.00152016557184432,0.146751570270008,0.101720437175402,8.6385907338735,0.0117751193810511,0.990605031152203
"61","Bulleraceae",0.0104839774578357,0.00403451299582718,1.3777197146828,0.954962535834225,6.4859278368277,0.147236071670711,0.882945689772634
"62","Bulleribasidiaceae",0.0734845425469068,0.0968283118998523,-0.39798813144312,-0.275864351206117,1.35250908875179,-0.203964877944523,0.838380945269371
"63","Bulleribasidium",0.00173243040770477,0.00806902599165436,-2.21959713697506,-1.53850749747319,5.02357257314587,-0.306257643354745,0.759408486395912
"64","Calloriaceae",0.00052001368962386,0.00785132127009555,-3.91631395175464,-2.71458197384631,5.31063362345168,-0.511159715831037,0.609239224127689
"65","Calycina",0.000308931045817527,0.00785132127009555,-4.66757869426808,-3.23531901197359,8.10946711310741,-0.398955808914289,0.689925766072321
"66","Cantharellales",0.0192531471463447,0.0192488762503707,0.000320066319819326,0.000221853067176435,1.50806753595691,0.000147110830176225,0.999882622540299
"67","Capnodiales",0.112044386657621,0.0057894683587783,4.27449568943878,2.96285463545013,2.49793412665264,1.18612200531505,0.235574121503688
"68","Carlosrosaea",0.00140448229759789,0.0201725649791359,-3.84428419132293,-2.66465474848666,4.05537376603749,-0.65706761009363,0.511137444368433
"69","Carlosrosaea foliicola",0.000320332254748818,0.0161380519833087,-5.65475355924237,-3.91957648635016,6.79778478889638,-0.576596142430468,0.564212305714945
"70","Cephalotrichiella",0.00112195711768502,0.00152016557184432,-0.438210930451149,-0.303744670932763,9.19394254879054,-0.0330374775914519,0.973644701147076
"71","Cephalotrichiella penicillata",0.00112195711768502,0.00152016557184432,-0.438210930451149,-0.303744670932763,9.19394254879054,-0.0330374775914519,0.973644701147076
"72","Cephalotrichum",0.000923069145631773,0.00152016557184432,-0.719717839207574,-0.498870391045425,8.01492147058392,-0.0622427047945961,0.950369554889258
"73","Ceratobasidiaceae",0.00847543213354077,0.00152016557184432,2.47905846203689,1.71835238340414,7.46793918085379,0.230097265361993,0.81801618981452
"74","Ceratobasidium",0.00296470218048528,0.00152016557184432,0.963658719731183,0.667957324603676,7.58543171385627,0.088057918098916,0.929830642890755
"75","Chaetomiaceae",0.0405559770063452,0.0456049671553295,-0.169276417179724,-0.117333471303415,1.42232030991755,-0.082494407543275,0.934253565312449
"76","Chaetomium",0.0112302848815026,0.0091209934310659,0.300131653367447,0.208035409328438,3.13919631754726,0.0662702769385833,0.947162646755692
"77","Chaetomium thermophilum",0.00112195711768502,0.00304033114368863,-1.43821093045115,-0.996891851492709,7.5577301183505,-0.131903605432035,0.895060536826532
"78","Chaetothyriales",0.10777683129224,0.00494615937362059,4.44559453953069,3.0814513209884,2.61014899839804,1.1805652945022,0.237775457436505
"79","Chalara",0.00034065690087926,0.0157026425401911,-5.52654412263591,-3.83070847684522,5.93371760823123,-0.645583212711584,0.518549312019236
"80","Chionosphaeraceae",0.00288829003987764,0.00226082701247859,0.353365015549929,0.244933964236956,14.9722651140165,0.0163591789466551,0.986947845869182
"81","Chrysosporium",0.00339378811470861,0.00608066228737727,-0.841331970692281,-0.583166883400298,4.13894810285703,-0.14089736544359,0.887951023457134
"82","Chrysosporium lobatum",0.00897565694148015,0.00608066228737727,0.561789069548851,0.389402509627181,4.17353529748475,0.0933027953212379,0.925663011427185
"83","Chytridiales",0.00314199153308624,0.00785132127009555,-1.32125616737871,-0.915824987215994,3.41485835553066,-0.26818827953222,0.788554396229432
"84","Chytridiomycetes",0.00412044250781155,0.00785132127009555,-0.930136178826323,-0.644721269890267,3.2836648348379,-0.196341984434625,0.84434250203041
"85","Cistella",0.000991262222566268,0.00785132127009555,-2.98559680538901,-2.06945800794417,4.01198855704282,-0.515818522042231,0.605981164925694
"86","Cladochytriales",0.000102977015272509,0.00785132127009555,-6.25254119498924,-4.3339313006417,13.4673481915431,-0.321810295464346,0.747596414228307
"87","Cladochytriomycetes",0.000102977015272509,0.00785132127009555,-6.25254119498924,-4.3339313006417,13.4673481915431,-0.321810295464346,0.747596414228307
"88","Cladophialophora",0.0129047022127217,0.00785132127009555,0.716889484955946,0.496909925270284,2.93008221939765,0.169589072272667,0.865333317121073
"89","Cladorrhinum",0.00126658949042869,0.00152016557184432,-0.263279452459595,-0.182491410171737,7.85391698695748,-0.0232357192563645,0.981462246445889
"90","Cladosporiaceae",0.0584192013505804,0.0057894683587783,3.33493985707137,2.311604159266,2.51091554150271,0.920622028522141,0.357247797177333
"91","Cladosporium",0.0412281007552336,0.0057894683587783,2.83212522434566,1.9630796142479,2.52217074261954,0.778329389472272,0.436374853836528
"92","Cladosporium herbarum",0.0117805497356927,0.00513796882798788,1.19713682109533,0.829792012286722,3.12739122719549,0.2653304150344,0.790754936094398
"93","Claroideoglomeraceae",0.0112195711768502,0.00304033114368863,1.88371716443621,1.30569324150134,5.51183224345841,0.236889147533648,0.81274278941225
"94","Claroideoglomus",0.0112195711768502,0.00304033114368863,1.88371716443621,1.30569324150134,5.51183224345841,0.236889147533648,0.81274278941225
"95","Clavariaceae",0.00280402912560449,0.0157026425401911,-2.48543412551991,-1.7227716565716,2.66108147674039,-0.64739530586709,0.517376133201133
"96","Clavulinopsis",0.000333212656975046,0.0157026425401911,-5.55842035313726,-3.85280339614411,6.26794472208153,-0.614683690902849,0.538763632462828
"97","Clitopilus",0.00346084291535117,0.00785132127009555,-1.18181199998215,-0.819169655739536,3.36456534473515,-0.243469682353284,0.807641568564152
"98","Clonostachys",0.00278425090180712,0.00608066228737727,-1.12693924120527,-0.781134757703798,4.1021723606797,-0.190419779819873,0.848980199177709
"99","Comoclathris",0.00348544532180705,0.00785132127009555,-1.17159246488858,-0.812086013802794,3.20534289850593,-0.253353865566559,0.799994774775212
"100","Coniella",0.000327206910699474,0.00152016557184432,-2.21595334238671,-1.53598181152774,9.52751515414517,-0.161215362733847,0.871923781675064
"101","Coniochaeta",0.00224231436306495,0.00152016557184432,0.560760085899087,0.388689272511506,7.64297796514783,0.0508557363744785,0.959440477094031
"102","Coniochaetaceae",0.00292851071328583,0.00760082785922159,-1.37598938887559,-0.953763165379519,3.70371702995096,-0.257515128090698,0.796781138469723
"103","Coniochaetales",0.00302152221095132,0.0091209934310659,-1.5939154197315,-1.10481797923791,3.43590791346362,-0.321550520870678,0.747793233087626
"104","Conocybe",0.000610451959472371,0.00152016557184432,-1.31627879669705,-0.912374936761396,8.24798933718918,-0.110617860846111,0.911919383502801
"105","Coprinellus",0.0135143987863387,0.00608066228737727,1.15219696094769,0.79864207493063,3.78171894091901,0.211184936640624,0.832742964508123
"106","Coprinellus hiascens",0.000586570140748825,0.00152016557184432,-1.37385292827866,-0.952282283740376,8.65305601498082,-0.110051556593614,0.912368486944017
"107","Coprinopsis",0.00750024386358503,0.00152016557184432,2.30270903806912,1.5961162773875,7.47621815162359,0.213492469724266,0.830942862026003
"108","Coprinopsis cinerea",0.00224391423537004,0.00152016557184432,0.561789069548851,0.38940250962718,8.34707044932639,0.0466513984746115,0.962791066535392
"109","Cordycipitaceae",0.00674177953525749,0.0057894683587783,0.219698577114447,0.152283449299912,2.71386125458834,0.0561132036659742,0.95525162550774
"110","Cortinariaceae",0.00571518931142462,0.125621140321529,-4.45813417285999,-3.09014313247585,1.42092800500562,-2.17473589202968,0.029649913602074
"111","Cortinarius",0.00395908251852633,0.117769819051433,-4.89465991836306,-3.39271972221313,1.65138914838818,-2.05446410104157,0.0399307944707505
"112","Cristinia",0.0106585926180077,0.00304033114368863,1.80971658299244,1.25439994711379,5.52599882750688,0.226999676668358,0.820423993587972
"113","Cryptococcaceae",0.00783018016866168,0.0161380519833087,-1.04334903335667,-0.723194440811117,3.36766315114784,-0.214746668046245,0.829964835443523
"114","Cryptococcus",0.00565804224121063,0.0121035389874815,-1.09705409019802,-0.760419949542513,3.90905283753139,-0.19452792815733,0.845762529873859
"115","Cryptococcus uniguttulatus",0.00040105633762517,0.00403451299582718,-3.33051772110421,-2.30853896818832,8.40503158614201,-0.274661545828641,0.78357627724014
"116","Cryptococcus watticus",0.000333212656975046,0.00403451299582718,-3.59787942980898,-2.49385998276672,8.75312268870506,-0.284910890828112,0.775712411971503
"117","Cucurbitariaceae",0.0103409195765949,0.00304033114368863,1.7660641131266,1.22414236070179,5.30818121092336,0.230614274844783,0.817614476790662
"118","Cuniculitremaceae",0.00203653339425206,0.0201725649791359,-3.30820716059208,-2.29307446607263,3.48699665038709,-0.657607303929608,0.51079050002184
"119","Curvibasidiaceae",0.0022760905936663,0.00403451299582718,-0.8258365555862,-0.572426280107909,6.69726742421531,-0.0854716175791618,0.931886458772997
"120","Curvibasidium",0.0022760905936663,0.00403451299582718,-0.8258365555862,-0.572426280107909,6.69726742421531,-0.0854716175791618,0.931886458772997
"121","Curvibasidium cygneicollum",0.00101413646920357,0.00403451299582718,-1.99214273256265,-1.38084811834878,7.06290911996918,-0.195506992217225,0.844996064304164
"122","Curvularia",0.00515151401232388,0.00608066228737727,-0.239231968468977,-0.165822964444075,3.90770083579221,-0.0424349179766362,0.966151992888903
"123","Cutaneotrichosporon",0.00195565228439646,0.0156946304874716,-3.00454927611513,-2.08259485959263,3.52291626294734,-0.591156503348248,0.554415563769473
"124","Cutaneotrichosporon debeurmannianum",0.000102977015272509,0.00403451299582718,-5.29200027166096,-3.66813506782426,14.6533023044024,-0.25032821896551,0.802333535433555
"125","Cyphellophoraceae",0.00404790030008003,0.00226082701247859,0.840323148559872,0.582467621183536,14.9382171548759,0.0389917762705315,0.968896945214649
"126","Cystobasidiaceae",0.00781897600875212,0.0161380519833087,-1.04541485575853,-0.724626359784508,3.36787896427163,-0.215158076484267,0.82964407554391
"127","Cystobasidiales",0.00808610865581998,0.0161380519833087,-0.996948947241837,-0.691032351942888,3.36289705063367,-0.20548721579588,0.837191485306906
"128","Cystobasidiomycetes",0.0628632547858101,0.0610829016905273,0.0414483727969611,0.0287298227430061,1.47399629573161,0.0194911091881315,0.984449329537369
"129","Cystobasidium",0.00728438035123333,0.0161380519833087,-1.14758828289967,-0.795447582735534,3.39129920560541,-0.234555412103053,0.814553820073592
"130","Cystobasidium slooffiae",0.00288010253030362,0.00403451299582718,-0.48627436511981,-0.337059705161375,6.65803822014811,-0.0506244773635255,0.959624757714642
"131","Cystofilobasidiaceae",0.00542556277552204,0.00452165402495718,0.262922182978465,0.182243769838204,10.5915903910337,0.0172064593804989,0.986271909112461
"132","Cystofilobasidiales",0.0126185173480804,0.00452165402495718,1.48061989294472,1.0262875042756,10.54600235405,0.0973153115105716,0.922475996886432
"133","Cystofilobasidium",0.00542556277552204,0.00452165402495718,0.262922182978465,0.182243769838204,10.5915903910337,0.0172064593804989,0.986271909112461
"134","Dacrymycetaceae",0.000836858992393729,0.00226082701247859,-1.43379414862869,-0.993830371625322,15.2799567117286,-0.0650414389500512,0.948141006575152
"135","Dacrymycetales",0.000880252407581308,0.00226082701247859,-1.36086143515628,-0.943277266911341,15.260071629931,-0.061813423277857,0.950711413700511
"136","Dacrymycetes",0.000880252407581308,0.00226082701247859,-1.36086143515628,-0.943277266911341,15.260071629931,-0.061813423277857,0.950711413700511
"137","Dactylonectria",0.00283051626091696,0.00152016557184432,0.896836745548234,0.621639861599315,7.67028600728519,0.0810451997499031,0.93540600650404
"138","Dactylonectria macrodidyma",0.00280671752987342,0.00152016557184432,0.884655411046235,0.6131964039338,7.67863828407989,0.0798574410263782,0.93635063881807
"139","Derxomyces",0.00641654811054155,0.0161380519833087,-1.33059715287953,-0.92229966497954,3.47829835207749,-0.265158296276878,0.790887520047271
"140","Derxomyces nakasei",0.000308931045817527,0.00806902599165436,-4.7070377709398,-3.26266995971609,8.85766007797346,-0.368344453387802,0.712616409932793
"141","Diaporthales",0.0228146393054301,0.00152016557184432,3.90765947393631,2.70858314694728,7.42741330730702,0.364673815079417,0.715354907019912
"142","Diatrypaceae",0.00621362764216428,0.00152016557184432,2.03120732289566,1.40792562899784,7.51749077599701,0.18728664536487,0.85143589318278
"143","Dichotomopilus",0.00168293567652753,0.00152016557184432,0.146751570270008,0.101720437175402,8.6385907338735,0.0117751193810511,0.990605031152203
"144","Didymella",0.00648618549831901,0.0157026425401911,-1.27556517630193,-0.884154405574134,2.28119029431216,-0.387584677954598,0.698323409501887
"145","Didymellaceae",0.0550385238355761,0.0157026425401911,1.80943441124818,1.25420436056482,2.03086858353385,0.617570418260359,0.536858549387965
"146","Dioszegia",0.0174138124570059,0.0161380519833087,0.109765648940427,0.076083750085392,3.28379968597584,0.0231694248617916,0.98151512748336
"147","Dioszegia rishiriensis",0.000262744995587626,0.00403451299582718,-3.94065934591854,-2.73145691517063,9.2501744203481,-0.295287071469928,0.767774591912013
"148","Dioszegia xingshanensis",0.000102977015272509,0.00403451299582718,-5.29200027166096,-3.66813506782426,14.6533023044024,-0.25032821896551,0.802333535433555
"149","Dioszegia zsoltii",0.00116397934524531,0.00403451299582718,-1.79332907904789,-1.24304099495821,6.93748417695189,-0.179177489022304,0.857798338835933
"150","Dipodascaceae",0.000259915882084026,0.00226082701247859,-3.12073391120763,-2.16312791183139,16.2905221923437,-0.132784442775446,0.894363858267242
"151","Dipodascus",0.000102977015272509,0.00226082701247859,-4.45645634297313,-3.08898014942031,19.8637128331715,-0.155508699474443,0.876420296183614
"152","Diversisporaceae",0.00112195711768502,0.00226082701247859,-1.01083307251916,-0.700656094233403,15.838813081338,-0.0442366540115906,0.964715764962513
"153","Diversisporales",0.000458435190532687,0.00452165402495718,-3.30206091025689,-2.28881420998177,11.6594764814565,-0.196305058260717,0.844371402498862
"154","Dominikia",0.000458435190532687,0.0123729421292215,-4.75432699261166,-3.29544835038881,5.58008193690807,-0.590573469646008,0.554806245372985
"155","Dothideales",0.0560851188574609,0.00785132127009555,2.83661066391658,1.96618868404002,2.84639382955298,0.690764806902636,0.489713355274828
"156","Dothideomycetes",0.94002559491359,0.0798235853796509,3.55781305293491,2.46608808660121,0.70118568418552,3.51702572117649,0.000436411490292429
"157","Dothiora",0.00326820361903603,0.00785132127009555,-1.26443758972157,-0.876441350309517,3.22924430677417,-0.271407570022174,0.786077580444775
"158","Dothioraceae",0.0154706654009218,0.00785132127009555,0.97852788373261,0.678263843708552,2.91092016466398,0.233006680135746,0.815756218528709
"159","Emericellopsis",0.0022308226874922,0.00304033114368863,-0.446652617823917,-0.309596002734366,5.66814674680265,-0.0546203224023806,0.956440947989835
"160","Endophragmiella",0.00224391423537004,0.00152016557184432,0.561789069548851,0.38940250962718,8.34707044932639,0.0466513984746115,0.962791066535392
"161","Enterocarpus",0.00280489279421255,0.00152016557184432,0.883717164436214,0.612546060941391,8.16716512713395,0.0750010623522616,0.940213866640399
"162","Enterocarpus grenotii",0.00280489279421255,0.00152016557184432,0.883717164436214,0.612546060941391,8.16716512713395,0.0750010623522616,0.940213866640399
"163","Entoloma",0.00688134784646232,0.00513796882798788,0.421493035177632,0.292156708959028,2.85008712977176,0.102507992091605,0.918353469496517
"164","Entolomataceae",0.00996021296377343,0.00962443812518534,0.0494742709325165,0.0342929514071349,2.12614017801324,0.016129205290302,0.98713131409075
"165","Eremomycetaceae",0.000592544791817815,0.00152016557184432,-1.359232346347,-0.942148068596299,8.62799343541272,-0.109196660341598,0.913046509132373
"166","Erythrobasidiaceae",0.0184055335158736,0.0121035389874815,0.604710626507338,0.419153465818195,3.76938491533219,0.111199433125883,0.911458201146074
"167","Erythrobasidiales",0.0210642602443753,0.0121035389874815,0.799368307987246,0.554079888910336,3.76204125539786,0.147281715243109,0.882909664206682
"168","Erythrobasidium",0.0177275708500627,0.0121035389874815,0.55056591928311,0.381623214663477,3.77160710465758,0.101183183739422,0.919405045634234
"169","Eucasphaeria",0.000102977015272509,0.00304033114368863,-4.88383420090512,-3.38521590667961,14.1710381183666,-0.238882704174802,0.811196537417738
"170","Eurotiales",0.043905116716526,0.0201224580361676,1.12558253501231,0.780194360631298,1.39947579638445,0.557490427949474,0.577192397239634
"171","Eurotiomycetes",0.204327306402421,0.065808110419226,1.63454471667599,1.13298006186312,0.738491205269005,1.53418219984139,0.124984835446632
"172","Exophiala",0.00928134843045255,0.00152016557184432,2.61010595472045,1.80918758347722,7.46240571933508,0.242440260087925,0.808439041631888
"173","Filobasidiaceae",0.0295672224542588,0.00639279437566578,2.20948012761781,1.53149492096152,2.99312058727479,0.51167164045199,0.608880837262892
"174","Filobasidiales",0.0383869790582866,0.0154344136650312,1.31446635108958,0.91111864519866,1.41650421477518,0.643216331935355,0.520083737356297
"175","Filobasidium",0.0185492758484039,0.00403451299582718,2.20089642399147,1.52554515099414,6.46103852252445,0.236114541907742,0.813343790108194
"176","Fusarium",0.0237488159990376,0.0212823180058204,0.158200296062961,0.109656089179791,2.06150796470798,0.0531921734269526,0.957578791489338
"177","Fusarium neocosmosporiellum",0.0056097855884251,0.00152016557184432,1.88371716443621,1.30569324150134,7.79490785488883,0.167505923842631,0.866971986830175
"178","Fusarium nygamai",0.000560978558842509,0.00152016557184432,-1.43821093045115,-0.996891851492708,10.6882443928957,-0.0932699342237462,0.925689116952386
"179","Fusarium oxysporum",0.00645353046914797,0.00152016557184432,2.08586015120212,1.44580808284809,7.57924360869348,0.190758888022774,0.848714499740482
"180","Fusarium tricinctum",0.00124119597031293,0.00456049671553295,-1.87746004882627,-1.30135613945786,5.25748821425589,-0.247524309408661,0.804502480513725
"181","Fusicolla",0.00127088608041933,0.00152016557184432,-0.258393750254189,-0.179104899463002,7.8207532113384,-0.0229012340145625,0.981729056053468
"182","Fusicolla aquaeductuum",0.000827217517135273,0.00152016557184432,-0.877889824655492,-0.60850685680222,8.08273020691767,-0.0752848160490901,0.93998810223297
"183","Geminibasidiaceae",0.00673174270611011,0.07066189143086,-3.39188042525643,-2.35107235356296,2.41581442204414,-0.973200727717157,0.330453549227815
"184","Geminibasidiales",0.00673174270611011,0.07066189143086,-3.39188042525643,-2.35107235356296,2.41581442204414,-0.973200727717157,0.330453549227815
"185","Geminibasidiomycetes",0.00673174270611011,0.07066189143086,-3.39188042525643,-2.35107235356296,2.41581442204414,-0.973200727717157,0.330453549227815
"186","Geminibasidium",0.000560978558842509,0.07066189143086,-6.97684292597758,-4.83597900335096,7.76559539812711,-0.622744136852312,0.53345267354222
"187","Genolevuria",0.00847066555193021,0.00403451299582718,1.07008079158883,0.74172348366114,6.50094595893765,0.114094700732191,0.909162722996542
"188","Genolevuria amylolytica",0.00884629379107426,0.00403451299582718,1.13267861888655,0.785112991161745,6.6489653359171,0.118080475908129,0.906003893182407
"189","Geoglossaceae",0.000411908061090037,0.0235539638102867,-5.83750369571039,-4.04624922818992,6.78275335331187,-0.59654966315622,0.550808087011373
"190","Geoglossales",0.000411908061090037,0.0235539638102867,-5.83750369571039,-4.04624922818992,6.78275335331187,-0.59654966315622,0.550808087011373
"191","Geoglossomycetes",0.000411908061090037,0.0235539638102867,-5.83750369571039,-4.04624922818992,6.78275335331187,-0.59654966315622,0.550808087011373
"192","Gibellulopsis",0.00614602850007517,0.00456049671553295,0.430463490008274,0.298374554433228,4.43708477636424,0.0672456284862146,0.94638616102696
"193","Gloeoporus",0.00112195711768502,0.00608066228737727,-2.43821093045115,-1.69003903205265,6.58897845082962,-0.256494848885089,0.797568757433655
"194","Glomeraceae",0.00523963010262114,0.0651166593442629,-3.63548981560931,-2.51992951564399,1.66028027441264,-1.51777356780045,0.129071490668641
"195","Glomerales",0.0082166200866278,0.0690256565290055,-3.07051573763068,-2.12831932640365,1.44676174262617,-1.47109179327642,0.141266294144331
"196","Glomerellales",0.0191379142958425,0.00760082785922159,1.33220514318048,0.923414238923007,3.37319278460499,0.273750804619707,0.78427613204046
"197","Glomeromycetes",0.00860959521046321,0.0696716071039993,-3.01655352765146,-2.09091557269977,1.4266115565001,-1.46565164369578,0.142743214203212
"198","Glomus",0.000463909397515318,0.00678248103743577,-3.86989813241484,-2.68240897953754,9.93903455317525,-0.269886271668166,0.787247749032648
"199","Gloniaceae",0.000560978558842509,0.0392566063504778,-6.12884601942263,-4.24819233844884,7.81102214020688,-0.543871501346983,0.586529901321412
"200","Gs08",0.00250384770068511,0.00452165402495718,-0.852703796870293,-0.591049232653401,10.6795117304793,-0.0553442186843196,0.955864234711129
"201","Gymnoascaceae",0.00442314689553713,0.0091209934310659,-1.04411781107876,-0.723727316921666,3.86438137820032,-0.187281545502818,0.851439891543559
"202","Gymnoascus",0.00168293567652753,0.00304033114368863,-0.853248429729992,-0.591426743384545,6.87138668377073,-0.0860709447165029,0.931410020646679
"203","Gymnoascus reessii",0.00168293567652753,0.00304033114368863,-0.853248429729992,-0.591426743384545,6.87138668377073,-0.0860709447165029,0.931410020646679
"204","Hamatocanthoscyphaceae",0.000102977015272509,0.0235539638102867,-7.83750369571039,-5.43254358930981,13.2688546909563,-0.409420685947559,0.682230961535729
"205","Hannaella",0.00387392136153682,0.0201725649791359,-2.38052796353175,-1.65005624616614,3.21103843010568,-0.513869977604669,0.60734289891786
"206","Hannaella oryzae",0.000535594992931166,0.00403451299582718,-2.91318015832632,-2.01926261320706,7.49188689668321,-0.269526574687216,0.787524494950847
"207","Helicoma",0.00673174270611011,0.00152016557184432,2.14675157027001,1.48801479829529,7.73112252588057,0.192470730261231,0.847373493128079
"208","Helminthosphaeriaceae",0.0013082507709555,0.00152016557184432,-0.216589357078026,-0.150128302197925,7.98164970312522,-0.0188091820340277,0.984993328915613
"209","Helotiaceae",0.0118112944036901,0.0340112832035439,-1.52584635933819,-1.05763610194292,1.3122571977499,-0.805967080048357,0.420261830941801
"210","Helotiales",0.0849334327655844,0.442279989248513,-2.38055550380134,-1.65007533562636,0.417370053439543,-3.95350677900368,7.70140809356256e-05
"211","Hemileucoglossum",0.000102977015272509,0.00785132127009555,-6.25254119498924,-4.3339313006417,13.4673481915431,-0.321810295464346,0.747596414228307
"212","Herpotrichia",0.000560978558842509,0.00152016557184432,-1.43821093045115,-0.996891851492708,10.6882443928957,-0.0932699342237462,0.925689116952386
"213","Herpotrichia striatispora",0.000560978558842509,0.00152016557184432,-1.43821093045115,-0.996891851492708,10.6882443928957,-0.0932699342237462,0.925689116952386
"214","Herpotrichiellaceae",0.0502007258367594,0.00513796882798788,3.28843818124831,2.27937165377794,2.66629936136066,0.854882121193901,0.392616409333438
"215","Hortaea",0.000292339190414202,0.00785132127009555,-4.74722030823097,-3.29052237214721,6.14048259251144,-0.53587357712896,0.592045926998034
"216","Hortaea werneckii",0.000292339190414202,0.00785132127009555,-4.74722030823097,-3.29052237214721,6.14048259251144,-0.53587357712896,0.592045926998034
"217","Humicola",0.000685786942461826,0.00304033114368863,-2.14839612580627,-1.48915471732853,7.0599451611086,-0.210930068626013,0.832941840571074
"218","Hyaloscypha",0.000693501823823629,0.149175104131815,-7.74889139196725,-5.37112222080734,3.59968586136819,-1.49210859715571,0.135670678470852
"219","Hyaloscyphaceae",0.0109638941628137,0.243390959372962,-4.47244336914745,-3.10006151153858,0.990288410473474,-3.13046328600007,0.00174530813928972
"220","Hydnaceae",0.00780772497252852,0.0141109074223828,-0.853836625607626,-0.591834449698744,1.88782013164721,-0.313501503547555,0.753899678560194
"221","Hydnodontaceae",0.00603647651831928,0.0157026425401911,-1.3792287638642,-0.956008529019646,2.39249091257193,-0.399587109817666,0.689460652135676
"222","Hygrocybe",0.000205954030545018,0.0157026425401911,-6.25254119498924,-4.3339313006417,9.52285342958526,-0.455108474858722,0.649031201303397
"223","Hygrophoraceae",0.00347179132931643,0.0506541613307529,-3.86692865102592,-2.68035069188509,2.01353366662455,-1.33116755697379,0.183133883906211
"224","Hygrophorus",0.00168293567652753,0.0392566063504778,-4.54388351870148,-3.14958004978073,4.62587815103515,-0.680861005618131,0.495959443994952
"225","Hymenochaetales",0.020336126954047,0.0314052850803822,-0.626962423494436,-0.434577236162198,1.54285035312775,-0.281671670412623,0.778195279015968
"226","Hymenoscyphus",0.00206358275944733,0.00785132127009555,-1.92778416188606,-1.33623815653944,3.61406133091526,-0.369733115791105,0.711581354741997
"227","Hyphodontia",0.00064141817078724,0.00785132127009555,-3.61359833060326,-2.50475549453377,4.93674490964158,-0.50736984397187,0.611895340656247
"228","Hypocreaceae",0.00534422068286356,0.00760082785922159,-0.508176977785047,-0.352241439377178,3.53167728447458,-0.0997377197870395,0.920552553771626
"229","Hypocreales",0.139440802551029,0.0442279406754132,1.65662280333205,1.14828342538093,0.929745765254923,1.23505098736974,0.21681152875462
"230","Hyponectriaceae",0.00673174270611011,0.00456049671553295,0.561789069548851,0.389402509627182,4.81918342718756,0.0808025914577885,0.935598947125859
"231","Idriella",0.00201071425733345,0.00152016557184432,0.403479608557154,0.279670753084822,7.77625475977955,0.0359647107411319,0.971310497488516
"232","Inocybaceae",0.00325960025285201,0.0549592488906689,-4.07559533464544,-2.82498741531275,1.90034102949818,-1.48656865871003,0.137128770600376
"233","Inocybe",0.00325960025285201,0.0549592488906689,-4.07559533464544,-2.82498741531275,1.90034102949818,-1.48656865871003,0.137128770600376
"234","Irpicaceae",0.00315293994705151,0.00608066228737727,-0.94753077444154,-0.656778284797936,4.1704448328151,-0.157483988189961,0.874863426007344
"235","Kockovaella",0.00190296707071813,0.0201725649791359,-3.40607203468253,-2.36090922762427,3.52600026594265,-0.669571483141422,0.503130997874789
"236","Kockovaella mexicana",0.000102977015272509,0.00403451299582718,-5.29200027166096,-3.66813506782426,14.6533023044024,-0.25032821896551,0.802333535433555
"237","Kondoa",0.00596216617543391,0.00403451299582718,0.563442049216155,0.390548267823094,6.53003782905047,0.0598079640650235,0.952308582527184
"238","Kondoaceae",0.00658307780075589,0.00403451299582718,0.706367711082242,0.489616787375236,6.52041719511608,0.0750897945214254,0.940143267692917
"239","Kriegeriaceae",0.000598581633299969,0.13243151388046,-7.78948274428262,-5.39925800221984,4.47186108493032,-1.20738500138449,0.227283908992845
"240","Kriegeriales",0.000598581633299969,0.13243151388046,-7.78948274428262,-5.39925800221984,4.47186108493032,-1.20738500138449,0.227283908992845
"241","Kwoniella",0.00216031375605346,0.00403451299582718,-0.901153677623581,-0.624632130896012,6.71142866316606,-0.0930699203172857,0.925848013798399
"242","Lachnellula",0.000560978558842509,0.0157026425401911,-4.80691792453527,-3.33190160657469,7.96242425078925,-0.418453162206777,0.675615824604063
"243","Lactarius",0.00448782847074008,0.00785132127009555,-0.806917924535271,-0.559312884334905,3.92274668613303,-0.1425819531789,0.886620351118365
"244","Lasiobolidium",0.00168293567652753,0.00152016557184432,0.146751570270008,0.101720437175402,8.6385907338735,0.0117751193810511,0.990605031152203
"245","Lasiobolidium orbiculoides",0.00168293567652753,0.00152016557184432,0.146751570270008,0.101720437175402,8.6385907338735,0.0117751193810511,0.990605031152203
"246","Lasiosphaeriaceae",0.010271464847083,0.0106411590029102,-0.0510133496139021,-0.0353597594557947,2.93324315046275,-0.0120548340665916,0.990381866965409
"247","Lecanicillium",0.000721180186120312,0.00785132127009555,-3.44450379482564,-2.38754809381142,4.90753408859976,-0.486506675390746,0.626607973595525
"248","Lecanoromycetes",0.0640975980442035,0.0157026425401911,2.0292629297376,1.40657787836243,2.02584595199549,0.694316306221078,0.487483867146687
"249","Lecythophora",0.000726654393102943,0.00304033114368863,-2.06488719958378,-1.43127074056582,6.58872345128255,-0.217230355948118,0.828028828846371
"250","Leohumicola",0.000205954030545018,0.0785132127009555,-8.5744692898766,-5.9433692130758,9.35417337832851,-0.635370863110709,0.525186566522063
"251","Leotiaceae",0.000468900018275294,0.0863645339710511,-7.52501483853602,-5.21594281900299,5.08071798511392,-1.02661530009839,0.304601646657517
"252","Leotiales",0.000509287257755387,0.00785132127009555,-3.94638393338193,-2.73542489683075,4.97420775448172,-0.549921722583091,0.582373064250622
"253","Leotiomycetes",0.124463705489157,0.44766048164266,-1.84667986294073,-1.28002094039419,0.371792826902052,-3.44283387891024,0.000575652799337748
"254","Leucosporidiaceae",0.00422139987863056,0.0191053317891413,-2.17818190980451,-1.50980064952767,2.05931877648141,-0.733155384572049,0.463463663427567
"255","Leucosporidium",0.00422139987863056,0.0191053317891413,-2.17818190980451,-1.50980064952767,2.05931877648141,-0.733155384572049,0.463463663427567
"256","Leucosporidium fragarium",0.000617862091635055,0.00403451299582718,-2.7070377709398,-1.8763755985962,8.37924551222832,-0.223931330793196,0.822810736270082
"257","Leucosporidium yakuticum",0.000102977015272509,0.00403451299582718,-5.29200027166096,-3.66813506782426,14.6533023044024,-0.25032821896551,0.802333535433555
"258","Leucothecium",0.00336587135305506,0.00608066228737727,-0.853248429729992,-0.591426743384546,4.85880416027186,-0.121722696341697,0.903118637813079
"259","Leucothecium emdenii",0.00224391423537004,0.00608066228737727,-1.43821093045115,-0.996891851492708,5.34412225306169,-0.186539866471352,0.852021418540151
"260","Linnemannia",0.000102977015272509,0.00152016557184432,-3.88383420090512,-2.69206872611967,15.1072041227394,-0.178197680010662,0.858567731648598
"261","Lipomyces",0.00112195711768502,0.00226082701247859,-1.01083307251916,-0.700656094233403,15.838813081338,-0.0442366540115906,0.964715764962513
"262","Lipomycetaceae",0.00112195711768502,0.00226082701247859,-1.01083307251916,-0.700656094233403,15.838813081338,-0.0442366540115906,0.964715764962513
"263","Lobulomycetales",0.002148391366596,0.00709246742035914,-1.72303078933043,-1.19431393364237,3.01380920570953,-0.396280538057881,0.691898082927421
"264","Lobulomycetes",0.002148391366596,0.00608066228737727,-1.50097163712969,-1.04039425837689,4.21333315169545,-0.246929027665005,0.804963150965814
"265","Luellia",0.000396854596872754,0.0157026425401911,-5.30625303848564,-3.67801433296396,5.76891627766849,-0.637557238818246,0.523761938803248
"266","Lycoperdaceae",0.00443929389007648,0.00304033114368863,0.546101754888215,0.378528891699605,5.47983764347911,0.0690766618149804,0.944928597819305
"267","Macrophomina",0.00953663550032266,0.00152016557184432,2.64925191079919,1.83632149256351,7.63635276244839,0.240471014067551,0.809965131498705
"268","Macrophomina phaseolina",0.00168293567652753,0.00152016557184432,0.146751570270008,0.101720437175402,8.6385907338735,0.0117751193810511,0.990605031152203
"269","Malassezia",0.0215792899862837,0.0157026425401911,0.458640031846355,0.317905044966226,2.08661088908879,0.152354733040358,0.87890715800325
"270","Malassezia arunalokei",0.00224391423537004,0.00785132127009555,-1.80691792453527,-1.25246006489485,4.7765509266398,-0.262210135332092,0.793159439833675
"271","Malassezia restricta",0.0117332431547646,0.00785132127009555,0.579594474604289,0.401744275940087,2.9407102267226,0.136614710381658,0.891335348322909
"272","Malasseziaceae",0.0236989164413164,0.0314052850803822,-0.406186267489497,-0.281546866092514,1.52656773351485,-0.184431296372462,0.853675119955477
"273","Malasseziales",0.0236989164413164,0.0314052850803822,-0.406186267489497,-0.281546866092514,1.52656773351485,-0.184431296372462,0.853675119955477
"274","Malasseziomycetes",0.0236989164413164,0.0314052850803822,-0.406186267489497,-0.281546866092514,1.52656773351485,-0.184431296372462,0.853675119955477
"275","Melanommataceae",0.00428858700551397,0.00152016557184432,1.4962739237188,1.03713805157105,7.52789558656727,0.137772640393913,0.890420107927404
"276","Melanospora",0.00448782847074008,0.00152016557184432,1.56178906954885,1.08254969018713,7.88961899612136,0.137211909817106,0.890863297277937
"277","Melanospora damnosa",0.00448782847074008,0.00152016557184432,1.56178906954885,1.08254969018713,7.88961899612136,0.137211909817106,0.890863297277937
"278","Melanosporaceae",0.00448782847074008,0.00152016557184432,1.56178906954885,1.08254969018713,7.88961899612136,0.137211909817106,0.890863297277937
"279","Melanosporales",0.00214464288687784,0.00152016557184432,0.496508972548552,0.344153794444739,7.67288723496509,0.0448532324150994,0.964224294424257
"280","Meliniomyces",0.000592544791817815,0.0314052850803822,-5.72793934043112,-3.97030500423822,4.64906338882726,-0.854001047561485,0.393104408954205
"281","Meripilaceae",0.000721180186120312,0.00785132127009555,-3.44450379482564,-2.38754809381142,4.90753408859976,-0.486506675390746,0.626607973595525
"282","Meruliaceae",0.00311352133449518,0.00785132127009555,-1.3343882954036,-0.924927484731199,3.36768270395192,-0.274648049130582,0.78358664743783
"283","Microascaceae",0.0119567241649274,0.00608066228737727,0.975521810987865,0.676180192860971,3.79893704871223,0.177991944638878,0.85872930197485
"284","Microascales",0.0138540436105737,0.00760082785922159,0.866078654138563,0.600319977259294,3.40461362264172,0.176325434776793,0.860038281010417
"285","Microbotryales",0.00761385586478161,0.0191053317891413,-1.32727614808368,-0.919997719868664,1.82290377230539,-0.504688033370605,0.613777967285434
"286","Microbotryomycetes",0.0342327288631647,0.140878445623832,-2.04100268992746,-1.41471526003848,0.654995112712549,-2.1598867420242,0.030781438360729
"287","Microdochiaceae",0.00220195694784794,0.00152016557184432,0.534557795724104,0.370527228952503,7.74463007596684,0.0478431152060218,0.961841274914008
"288","Microdochium",0.00119957751238809,0.00152016557184432,-0.341702083802322,-0.23684983597903,7.96320844240328,-0.029743015983084,0.976272005290176
"289","Microsporomycetaceae",0.000617862091635055,0.00806902599165436,-3.7070377709398,-2.56952277915615,7.0396476790526,-0.365007298135403,0.715105958435984
"290","Minimedusa",0.00248239194062587,0.00152016557184432,0.707502451894888,0.49040332977019,7.71380285983335,0.0635747812954589,0.949308812720549
"291","Minimedusa polyspora",0.00248239194062587,0.00152016557184432,0.707502451894888,0.49040332977019,7.71380285983335,0.0635747812954589,0.949308812720549
"292","Mollisiaceae",0.00581513469470813,0.0235539638102867,-2.01808535210109,-1.39883017193819,2.03687000644767,-0.686754759758955,0.492237282909551
"293","Monoblepharidales",0.000395050591349598,0.00152016557184432,-1.94411914017831,-1.34756070068722,9.19776346437583,-0.146509605939151,0.883519107301555
"294","Monoblepharidomycetes",0.000634823710004582,0.00152016557184432,-1.25980054876513,-0.873227198444423,8.27745970486043,-0.105494587660955,0.915983364447365
"295","Monographella",0.00673174270611011,0.00456049671553295,0.561789069548851,0.389402509627182,4.81918342718756,0.0808025914577885,0.935598947125859
"296","Morosphaeriaceae",0.000102977015272509,0.00152016557184432,-3.88383420090512,-2.69206872611967,15.1072041227394,-0.178197680010662,0.858567731648598
"297","Mortierella",0.0692251514999217,0.0432936093929774,0.677142222739299,0.46935922252984,0.8706979303521,0.539060914432215,0.589844823789151
"298","Mortierella oligospora",0.000560978558842509,0.00152016557184432,-1.43821093045115,-0.996891851492708,10.6882443928957,-0.0932699342237462,0.925689116952386
"299","Mortierellaceae",0.0775459871214346,0.0477965292275827,0.698146266193115,0.483918116030212,0.82774863039131,0.58461965174312,0.558803490874869
"300","Mortierellales",0.0429633603275474,0.0477965292275827,-0.153799023487119,-0.10660535950297,0.876857127456061,-0.121576658460032,0.903234300186823
"301","Mortierellomycetes",0.0429633603275474,0.0477965292275827,-0.153799023487119,-0.10660535950297,0.876857127456061,-0.121576658460032,0.903234300186823
"302","Mycosphaerellales",0.124707487656463,0.00785132127009555,3.98946881918669,2.76528906395103,2.83268214676261,0.976208738107589,0.328961033908111
"303","Mycothermus",0.000102977015272509,0.00152016557184432,-3.88383420090512,-2.69206872611967,15.1072041227394,-0.178197680010662,0.858567731648598
"304","Mycothermus thermophilus",0.000102977015272509,0.00152016557184432,-3.88383420090512,-2.69206872611967,15.1072041227394,-0.178197680010662,0.858567731648598
"305","Myriangiales",0.023631077475089,0.00785132127009555,1.58967804606396,1.10188085562728,2.8803305957878,0.382553605908526,0.702050775132511
"306","Myrmecridiaceae",0.00228351235795179,0.00152016557184432,0.587026131124691,0.406895507704091,7.70897517863756,0.0527820492705236,0.957905564168305
"307","Myrmecridiales",0.00228351235795179,0.00152016557184432,0.587026131124691,0.406895507704091,7.70897517863756,0.0527820492705236,0.957905564168305
"308","Myrmecridium",0.00216210787678841,0.00152016557184432,0.508210040865675,0.3522643569583,7.72574512200274,0.0455961659872857,0.963632125094753
"309","Myrmecridium schulzeri",0.000396854596872754,0.00152016557184432,-1.93754604440152,-1.34300457788199,9.17162823349221,-0.146430333163495,0.883581682980199
"310","Mytilinidales",0.0291278263030727,0.0392566063504778,-0.430537417550019,-0.298425797100356,1.57238154361463,-0.189792228427158,0.84947194602868
"311","Myxotrichaceae",0.00195237622357859,0.00785132127009555,-2.00770437277144,-1.3916346253844,3.47722091146623,-0.400214614146442,0.688998451601624
"312","Naganishia",0.00966445477876089,0.00504795671039006,0.936988806641613,0.649471149539861,3.44093181835637,0.188748625030906,0.850289839227267
"313","Naganishia albida",0.00316593104044889,0.00806902599165436,-1.34976470559086,-0.935585600099631,4.83753667480175,-0.193401241787582,0.846644742988978
"314","Naganishia diffluens",0.000407435637992921,0.00403451299582718,-3.30775045492433,-2.29275790182668,8.21100673570186,-0.279229816224319,0.78006846323314
"315","Nectriaceae",0.0539532579316973,0.0304033114368863,0.827481612312093,0.573566546539326,1.69942419668033,0.337506402262446,0.735735186683871
"316","Niesslia",0.00248712740646822,0.00304033114368863,-0.289748052760506,-0.200838045843676,5.55927797409643,-0.036126642125018,0.971181378846129
"317","Niesslia mucida",0.00189532135579068,0.00304033114368863,-0.681785985048142,-0.472578033281407,5.79174956843642,-0.081595039235957,0.934968746258226
"318","Niessliaceae",0.00297560888373128,0.00760082785922159,-1.35297165111556,-0.937808485348285,3.72639748476473,-0.251666251166841,0.80129904517702
"319","Oberwinklerozyma",0.000205954030545018,0.00806902599165436,-5.29200027166096,-3.66813506782426,10.3614499216988,-0.354017545376782,0.723325734336832
"320","Oberwinklerozyma silvestris",0.000205954030545018,0.00806902599165436,-5.29200027166096,-3.66813506782426,10.3614499216988,-0.354017545376782,0.723325734336832
"321","Odontia",0.00112195711768502,0.00785132127009555,-2.80691792453527,-1.9456072454548,6.1376243877151,-0.316996792659563,0.751246035939242
"322","Odontia fibrosa",0.000560978558842509,0.00785132127009555,-3.80691792453527,-2.63875442601474,8.20855783557979,-0.321463828222921,0.747858919644756
"323","Oidiodendron",0.00181697581928538,0.00785132127009555,-2.11139624030262,-1.46350835101063,3.52120398955607,-0.41562725572032,0.67768277916597
"324","Oliveonia",0.00143236892876805,0.00304033114368863,-1.08582533733228,-0.752636771152421,5.74799947480135,-0.130938907432387,0.895823635949164
"325","Onygenaceae",0.00691621162371971,0.00608066228737727,0.185753547331663,0.128754547611949,3.92248811372346,0.03282471326337,0.973814370494716
"326","Onygenales",0.0270369356236927,0.0319234770087307,-0.239686148811095,-0.166137778267681,1.73197945553212,-0.0959236425911521,0.923581217089727
"327","Orbiliales",0.0265385851615626,0.00304033114368863,3.1257910877452,2.16663327948999,5.26433102830782,0.411568586367267,0.680655660511684
"328","Orbiliomycetes",0.0266315966592281,0.00304033114368863,3.1308385545286,2.17013191685988,5.26423021816671,0.412241073608601,0.680162734553498
"329","Panaeolus",0.000459311449042171,0.00152016557184432,-1.72668381570894,-1.19684601857714,8.81681327903877,-0.135745873333004,0.892022181663233
"330","Papiliotrema",0.0135230909334031,0.0127855887513316,0.080906346512093,0.056080005974264,2.22082454195531,0.0252518850160439,0.97985405187376
"331","Papiliotrema fusca",0.000647376392606809,0.00403451299582718,-2.63971787503819,-1.82971300255641,8.99543406493017,-0.203404637213648,0.838818775600075
"332","Papiliotrema horticola",0.00224391423537004,0.00403451299582718,-0.846377001206991,-0.586663832077407,7.49434634045677,-0.0782808540499945,0.937604646976892
"333","Papiliotrema nemorosa",0.000308931045817527,0.00403451299582718,-3.7070377709398,-2.56952277915615,9.95556417186573,-0.258099162920127,0.796330377592836
"334","Papiliotrema terrestris",0.00269024357383418,0.00152016557184432,0.823508333650508,0.570812479637468,8.15074471468962,0.0700319418186078,0.944168236147462
"335","Papulaspora",0.000539449180473601,0.00785132127009555,-3.86337650007364,-2.67788852846759,7.44931601939113,-0.359481128401164,0.719235192976282
"336","Paraglomeraceae",0.000102977015272509,0.00452165402495718,-5.45645634297313,-3.78212732998025,16.8519459728951,-0.224432675968905,0.822420647359337
"337","Paraglomerales",0.000102977015272509,0.00452165402495718,-5.45645634297313,-3.78212732998025,16.8519459728951,-0.224432675968905,0.822420647359337
"338","Paraglomeromycetes",0.000102977015272509,0.00452165402495718,-5.45645634297313,-3.78212732998025,16.8519459728951,-0.224432675968905,0.822420647359337
"339","Paraglomus",0.000102977015272509,0.00452165402495718,-5.45645634297313,-3.78212732998025,16.8519459728951,-0.224432675968905,0.822420647359337
"340","Parasola",0.00391379672363818,0.00152016557184432,1.36434036041556,0.945688674146184,7.5834123509811,0.12470489937473,0.900757178543192
"341","Penicillium",0.0125290317300491,0.0057894683587783,1.11377214632374,0.772008023010501,2.61007798779716,0.295779676553672,0.767398344681072
"342","Peniophora",0.0195175912857678,0.00304033114368863,2.68247464599449,1.8593497377946,5.27470367260381,0.352503164765794,0.72446094545658
"343","Peniophoraceae",0.0218070518272286,0.00304033114368863,2.84249436876891,1.97026695746968,5.27058993537695,0.373822851260913,0.708536117217425
"344","Periconia",0.0055984025262243,0.00304033114368863,0.880786754477801,0.610514855540821,5.37120125376025,0.113664490808907,0.909503762269911
"345","Periconiaceae",0.0055984025262243,0.00304033114368863,0.880786754477801,0.610514855540821,5.37120125376025,0.113664490808907,0.909503762269911
"346","Peziza",0.00783855621176772,0.00152016557184432,2.36635948175576,1.64023540297029,7.50346751718414,0.218596988554144,0.826963998857809
"347","Pezizaceae",0.0118955084924634,0.00304033114368863,1.96811657205194,1.36419445293109,5.31922944304032,0.256464675483402,0.797592053360007
"348","Pezizales",0.0407706580832583,0.0218169108477843,0.902084405102928,0.625277262024193,1.86243822227052,0.33573047124318,0.737074125468138
"349","Pezizomycetes",0.0407706580832583,0.0218169108477843,0.902084405102928,0.625277262024193,1.86243822227052,0.33573047124318,0.737074125468138
"350","Phaeosphaeriaceae",0.0709686133783904,0.00152016557184432,5.54488074716397,3.84341845643775,7.41150665032498,0.518574513627297,0.604057485737314
"351","Phenoliferia",0.000197525295674799,0.180580389212198,-9.83638809031945,-6.81806467169835,7.7399364317764,-0.880894143226643,0.378375117763682
"352","Phialocephala",0.000598018998800446,0.00785132127009555,-3.71467223624816,-2.57481458725972,5.23492997951051,-0.491852727226062,0.622823458883683
"353","Phlebia",0.0021078897202178,0.00785132127009555,-1.89713606972635,-1.31499451786939,3.59919689237724,-0.365357760964516,0.714844366929158
"354","Phlebia rufa",0.00032979979623019,0.00785132127009555,-4.57327304779286,-3.16995131900841,6.57403366955942,-0.482192741678011,0.629669032538825
"355","Pholiota",0.00169936931595719,0.00785132127009555,-2.20793603956062,-1.53042464067814,3.76227337036635,-0.406781881596528,0.684168195170302
"356","Physodermatales",0.000102977015272509,0.00304033114368863,-4.88383420090512,-3.38521590667961,14.1710381183666,-0.238882704174802,0.811196537417738
"357","Physodermatomycetes",0.000102977015272509,0.00304033114368863,-4.88383420090512,-3.38521590667961,14.1710381183666,-0.238882704174802,0.811196537417738
"358","Piloderma",0.000181249117994375,0.07066189143086,-8.60681458201539,-5.96578926112619,13.8251629105654,-0.431516742313904,0.666092681711959
"359","Pilodermataceae",0.000181249117994375,0.07066189143086,-8.60681458201539,-5.96578926112619,13.8251629105654,-0.431516742313904,0.666092681711959
"360","Piskurozyma",0.00156746146548576,0.0201725649791359,-3.68589265564783,-2.5548661021089,3.71613595563813,-0.687506090360514,0.491763864163789
"361","Piskurozymaceae",0.00732582112376463,0.0122380164771983,-0.740307366746059,-0.513141964007789,1.83592838131168,-0.279499989885866,0.779861145779044
"362","Plectosphaerellaceae",0.0161255348555283,0.00760082785922159,1.08511854676277,0.752146861261917,3.38582934339678,0.222145532151168,0.824200593714351
"363","Pleosporaceae",0.0601904016907081,0.00904696601273041,2.73402748811068,1.8950834449573,2.01978076843366,0.938261951284417,0.348109808099128
"364","Pleosporales",0.446555739690648,0.0303983956921433,3.87677317471388,2.68717439572335,1.09208635063237,2.46058784103231,0.013870961197436
"365","Podospora",0.0033059392009469,0.00304033114368863,0.120831726262129,0.0837541703807863,5.55397543292321,0.0150800397647247,0.987968325112878
"366","Podosporaceae",0.00448786348531747,0.00456049671553295,-0.0231621751360193,-0.0160547963911665,4.49192029284379,-0.00357414988345717,0.997148247061638
"367","Polyporales",0.0352481213806183,0.0160654060147541,1.13358892629193,0.785743968173227,1.56583930623257,0.501803706833582,0.615805605393866
"368","Polyschema",0.00841467838263764,0.00152016557184432,2.46867966515737,1.7111583496095,7.66680654188126,0.223190495320575,0.82338724901744
"369","Preussia",0.0268040105292654,0.00760082785922159,1.81822041274442,1.26029435273034,3.35556584826168,0.375583257703978,0.707226739417114
"370","Preussia flanaganii",0.00426799577057874,0.00152016557184432,1.48933028029246,1.03232508470727,7.88292641182926,0.130957087606215,0.895809254104721
"371","Preussia terricola",0.00280489279421255,0.00304033114368863,-0.116282835563786,-0.080601119618554,6.26843611307235,-0.0128582501543673,0.989740883421486
"372","Psathyrellaceae",0.0300420783870905,0.0091209934310659,1.71972175355414,1.19202028482365,3.06673866864975,0.388693140700014,0.697503157085467
"373","Pseudallescheria",0.000560978558842509,0.00152016557184432,-1.43821093045115,-0.996891851492708,10.6882443928957,-0.0932699342237462,0.925689116952386
"374","Pseudeurotiaceae",0.00539431108816524,0.0141109074223828,-1.38730013667801,-0.961603178328786,2.00648381303987,-0.479247912233058,0.631762272853472
"375","Pseudogymnoascus",0.000935018177895556,0.00152016557184432,-0.701162148075266,-0.486008566053726,8.12874341782937,-0.059788892461254,0.952323772282929
"376","Pucciniomycetes",0.0150563259471323,0.00403451299582718,1.89990332364243,1.31691263211921,6.46818185103567,0.203598578773469,0.838667203856278
"377","Pyrenochaetopsis",0.00210175821867492,0.00152016557184432,0.467368248384376,0.323954983650876,7.65471927915953,0.0423209489253074,0.96624284541814
"378","Pyronemataceae",0.0201491955765795,0.0091209934310659,1.14345937063296,0.792585638839087,3.10613761046215,0.255167586963786,0.798593664444272
"379","Rhizophagus",0.000205954030545018,0.0197621524339761,-6.58427391904621,-4.56387090302126,9.53526783849009,-0.478630593322059,0.632201450061757
"380","Rhizophlyctidaceae",0.0271393565037036,0.00513796882798788,2.40111647112555,1.66432711215672,2.71652510366859,0.612667672354321,0.540096102208014
"381","Rhizophlyctidales",0.0303374544234672,0.0057894683587783,2.38959725785609,1.65634260195672,2.55971237759976,0.647081530117019,0.517579178361493
"382","Rhizophlyctidomycetes",0.0303374544234672,0.0057894683587783,2.38959725785609,1.65634260195672,2.55971237759976,0.647081530117019,0.517579178361493
"383","Rhizophlyctis",0.0232255526048024,0.00152016557184432,3.93341255168414,2.72643382017899,7.43769136202691,0.366569905562199,0.713939859701811
"384","Rhizophydiales",0.0101361346815534,0.0235539638102867,-1.21646226693611,-0.843187390584328,1.87386619226389,-0.44997203859345,0.652730602384621
"385","Rhizophydiomycetes",0.0101361346815534,0.0235539638102867,-1.21646226693611,-0.843187390584328,1.87386619226389,-0.44997203859345,0.652730602384621
"386","Rhizopycnis",0.000102977015272509,0.00152016557184432,-3.88383420090512,-2.69206872611967,15.1072041227394,-0.178197680010662,0.858567731648598
"387","Rhodotorula",0.00592029773703564,0.00718218299998006,-0.278752680835505,-0.193216634794653,4.33201719653396,-0.0446020008759997,0.964424547780353
"388","Rhynchogastremataceae",0.0135230909334031,0.0127855887513316,0.080906346512093,0.056080005974264,2.22082454195531,0.0252518850160439,0.97985405187376
"389","Russula",0.000851104546504847,0.0314052850803822,-5.20552719711743,-3.60819650001007,3.38606991817872,-1.06560011671313,0.286604446433672
"390","Russulaceae",0.00197925840573097,0.0392566063504778,-4.30990357679287,-2.9873975127392,2.38046402805371,-1.25496435885307,0.209491698620234
"391","Russulales",0.0363137884367706,0.0237353455475681,0.613480393995531,0.425232205426804,1.31406715982733,0.323600055177301,0.746240846187264
"392","Saccharomycetales",0.0142360695673329,0.00194894963657473,2.86878217293819,1.98848827481274,6.09977703454636,0.325993600020271,0.744429197315968
"393","Saccharomycetes",0.0142360695673329,0.00194894963657473,2.86878217293819,1.98848827481274,6.09977703454636,0.325993600020271,0.744429197315968
"394","Sagenomella",0.000560978558842509,0.00152016557184432,-1.43821093045115,-0.996891851492708,10.6882443928957,-0.0932699342237462,0.925689116952386
"395","Sagenomella oligospora",0.000560978558842509,0.00152016557184432,-1.43821093045115,-0.996891851492708,10.6882443928957,-0.0932699342237462,0.925689116952386
"396","Saitozyma",0.00358549867460319,0.0192937340401811,-2.42788669503244,-1.68288281738074,2.09119678822528,-0.804746271061815,0.42096611231898
"397","Saitozyma podzolica",0.000197525295674799,0.0138711176090776,-6.13390280050069,-4.25169743199581,7.9097630567654,-0.537525258529614,0.590904842375196
"398","Sakaguchia",0.001179615376653,0.00359109149999003,-1.60610587931716,-1.11326776192944,6.68324326079639,-0.166575974940164,0.867703698771693
"399","Sakaguchia oryzae",0.000205954030545018,0.00403451299582718,-4.29200027166096,-2.97498788726431,11.3143608041615,-0.262939103565629,0.792597516138473
"400","Sakaguchiaceae",0.001179615376653,0.00359109149999003,-1.60610587931716,-1.11326776192944,6.68324326079639,-0.166575974940164,0.867703698771693
"401","Sakaguchiales",0.001179615376653,0.00359109149999003,-1.60610587931716,-1.11326776192944,6.68324326079639,-0.166575974940164,0.867703698771693
"402","Sarocladium",0.00255144601290878,0.00152016557184432,0.747086649255384,0.51784100456535,7.61441780982012,0.0680079577321728,0.945779299598773
"403","Sarocladium kiliense",0.000346087628894405,0.00152016557184432,-2.13501918865879,-1.47988253106022,9.24972115696026,-0.159992123648682,0.872887278712221
"404","Schizoparmaceae",0.000327206910699474,0.00152016557184432,-2.21595334238671,-1.53598181152774,9.52751515414517,-0.161215362733847,0.871923781675064
"405","Schizoporaceae",0.0131489046669676,0.0314052850803822,-1.25606474059739,-0.870637733545841,1.67052836694007,-0.521175066988297,0.602244821356559
"406","Schizothecium",0.00752194802748863,0.0106411590029102,-0.500477050086565,-0.346904256202459,2.98385206242612,-0.116260541389038,0.907446056902324
"407","Sclerococcales",0.000326199937891619,0.0314052850803822,-6.58910704782516,-4.56722097260768,6.10138972929391,-0.748554210638208,0.454125939314743
"408","Sclerotiniaceae",0.00816145449453252,0.00785132127009555,0.0558908248703685,0.0387405676780654,3.0012814434438,0.0129080089315492,0.989701184956026
"409","Scolecobasidium",0.000462894271999722,0.00304033114368863,-2.71547385072706,-1.88222304351572,7.26807004978729,-0.258971505588448,0.795657225919525
"410","Scutellinia",0.0145854425299052,0.00152016557184432,3.26222878768994,2.26120468652877,7.5567171753543,0.299231085940801,0.764763732122364
"411","Scytalidium",0.00280489279421255,0.00304033114368863,-0.116282835563786,-0.080601119618554,6.26843611307235,-0.0128582501543673,0.989740883421486
"412","Sebacina",0.000308931045817527,0.0471079276205733,-7.25254119498924,-5.02707848120165,7.68958734900166,-0.653751398227411,0.513271983381085
"413","Sebacinaceae",0.00150941517288319,0.0471079276205733,-4.96390827942485,-3.4407190284415,3.00505064728614,-1.14497871493408,0.252217974661033
"414","Sebacinales",0.00583560346864318,0.314052850803822,-5.74998170024741,-3.98558360379778,1.29966165695293,-3.06663167484838,0.00216485434767443
"415","Septobasidiales",0.00508597114064061,0.00403451299582718,0.334128738786721,0.231600393234064,6.59882953135865,0.0350971929390604,0.972002239744993
"416","Serendipita",0.00256586936221632,0.227688316832771,-6.47146873600448,-4.48568030844334,2.19231900166987,-2.04608923474486,0.0407475919610504
"417","Serendipitaceae",0.00240765079711976,0.266944923183249,-6.79277214109471,-4.70839085778594,1.96107392138698,-2.40092472111194,0.0163537003906348
"418","Sistotrema",0.0037837831667023,0.0157026425401911,-2.05310604426598,-1.42310466597355,2.47215792789979,-0.575652813241806,0.564849875809938
"419","Solicoccozyma",0.00573672661841608,0.0106511067768108,-0.89270367779027,-0.61877503733582,2.12963397600545,-0.290554641927931,0.771391954509199
"420","Solicoccozyma aeria",0.00673174270611011,0.00152016557184432,2.14675157027001,1.48801479829529,7.73112252588057,0.192470730261231,0.847373493128079
"421","Sordariaceae",0.000205954030545018,0.00456049671553295,-4.46879670162627,-3.09753383422784,10.2458470433485,-0.302320913158539,0.762407437388205
"422","Sordariales",0.0760283429115669,0.0461824392677844,0.719192971407262,0.498506580409473,0.936870129326999,0.532097848788899,0.594658227244693
"423","Sordariomycetes",0.370682815277643,0.111909864459282,1.72784802349118,1.19765298591899,0.583567146276238,2.05229679833975,0.0401408269790346
"424","Spiromastix",0.00112195711768502,0.00152016557184432,-0.438210930451149,-0.303744670932763,9.19394254879054,-0.0330374775914519,0.973644701147076
"425","Spizellomyces",0.0157073996475903,0.00456049671553295,1.7841814908853,1.23670037001438,4.51608305585868,0.273843584078912,0.784204828108991
"426","Spizellomyces acuminatus",0.0056097855884251,0.00152016557184432,1.88371716443621,1.30569324150134,7.79490785488883,0.167505923842631,0.866971986830175
"427","Spizellomycetaceae",0.00906880376811539,0.00456049671553295,0.991721295876939,0.687408820138355,4.42211064769316,0.155448127580649,0.876468044932506
"428","Spizellomycetales",0.040076668854179,0.0136814901465989,1.55053722490316,1.07475050579485,2.50842536599502,0.428456242057069,0.668318985069379
"429","Spizellomycetes",0.040076668854179,0.0136814901465989,1.55053722490316,1.07475050579485,2.50842536599502,0.428456242057069,0.668318985069379
"430","Sporidiobolaceae",0.0156579170291682,0.0110470959355875,0.503225140559976,0.348809087366031,2.2434240248692,0.155480677526563,0.876442385794542
"431","Sporidiobolales",0.0183023145348107,0.0122574498343357,0.578367247997301,0.40089362727754,2.12433336240773,0.188715026733452,0.850316173577801
"432","Sporobolomyces",0.00746169204247828,0.00908246970621724,-0.283581829915179,-0.196563945863738,2.67963243200904,-0.0733548166963948,0.941523771734013
"433","Sporobolomyces patagonicus",0.000720383871524233,0.0121035389874815,-4.07051925107462,-2.82146894229735,5.34206292401983,-0.52816093378665,0.597387641477807
"434","Sporobolomyces phaffii",0.00132440857780935,0.00403451299582718,-1.6070462771764,-1.11391959605418,10.4857763454747,-0.106231485333454,0.91539869059584
"435","Sporobolomyces roseus",0.00110972344685221,0.00152016557184432,-0.454028277536376,-0.314708420468826,7.87945031317117,-0.0399404029419114,0.968140639897416
"436","Sporobolomyces ruberrimus",0.00034065690087926,0.00403451299582718,-3.56600319930763,-2.47176506346783,8.51698460739828,-0.290215983403414,0.771651009180486
"437","Sporormiaceae",0.0364140579580598,0.0106411590029102,1.77484022931867,1.2302255008966,2.83710936526478,0.433619343673691,0.664564885576587
"438","Sporormiella",0.00268945950923141,0.00152016557184432,0.823087802589705,0.570520989718335,7.60062994826994,0.0750623295175944,0.940165119924452
"439","Stachybotryaceae",0.0180998127893717,0.00760082785922159,1.25174630903617,0.867644424884736,3.3777644283216,0.256869430446298,0.797279569910231
"440","Stachybotrys",0.00360806521429308,0.00152016557184432,1.24699694873302,0.86435241918115,7.56496310088452,0.114257321239292,0.909033813591053
"441","Stemphylium",0.00698279249422158,0.00152016557184432,2.19957563496143,1.52462964980187,7.48154485698749,0.203785405146361,0.838521198525897
"442","Stephanosporaceae",0.00796719160607022,0.00304033114368863,1.38984280505176,0.96336562174315,5.37296713421244,0.179298625448294,0.857703226097899
"443","Sterigmatomyces",0.000205954030545018,0.00806902599165436,-5.29200027166096,-3.66813506782426,10.3614499216988,-0.354017545376782,0.723325734336832
"444","Sterigmatomyces halophilus",0.000205954030545018,0.00806902599165436,-5.29200027166096,-3.66813506782426,10.3614499216988,-0.354017545376782,0.723325734336832
"445","Striaticonidium",0.00658075673723909,0.00152016557184432,2.11402502630028,1.4653304866132,7.66256852399698,0.191232284843418,0.848343610690067
"446","Striaticonidium brachysporum",0.00841467838263764,0.00152016557184432,2.46867966515737,1.7111583496095,7.66680654188126,0.223190495320575,0.82338724901744
"447","Strophariaceae",0.00559550776631092,0.00785132127009555,-0.488666405290261,-0.338717741061308,3.06621929155512,-0.110467552661414,0.912038581571514
"448","Sugitazyma",0.00112195711768502,0.00403451299582718,-1.84637700120699,-1.27981101263735,8.4273496096338,-0.151863998993744,0.879294203532361
"449","Symmetrospora",0.0141195239066272,0.0403451299582718,-1.51470309348387,-1.04991217863377,2.16636412835737,-0.484642523798554,0.627929943835823
"450","Symmetrospora foliicola",0.000205954030545018,0.00806902599165436,-5.29200027166096,-3.66813506782426,10.3614499216988,-0.354017545376782,0.723325734336832
"451","Symmetrospora oryzicola",0.00146580843037016,0.00806902599165436,-2.46069797007069,-1.70562586016408,5.10583511417686,-0.334054238341587,0.738338630863525
"452","Symmetrospora proteacearum",0.000197525295674799,0.00403451299582718,-4.35228521093415,-3.01677422295176,10.0434434660265,-0.300372500045076,0.763893037547159
"453","Symmetrosporaceae",0.0141195239066272,0.0403451299582718,-1.51470309348387,-1.04991217863377,2.16636412835737,-0.484642523798554,0.627929943835823
"454","Sympoventuriaceae",0.0177418828225174,0.00304033114368863,2.54485874961771,1.7639616672208,5.27862228150684,0.3341708448056,0.738250643099334
"455","Talaromyces",0.00407419311737581,0.00760082785922159,-0.899642195212347,-0.623584451124199,3.59765809829185,-0.173330659581096,0.862391525549659
"456","Teratosphaeriaceae",0.0554339006200771,0.00785132127009555,2.81976116137719,1.95450949886099,2.84668568888417,0.686591254697709,0.492340340986462
"457","Tetragoniomycetaceae",0.00085174497606803,0.00452165402495718,-2.40835717041482,-1.66934598245436,10.9566088707314,-0.152359731204215,0.878903216063593
"458","Thelebolaceae",0.00287878998975811,0.00152016557184432,0.921234080663118,0.638550805647374,7.59078122226558,0.0841218824452945,0.932959526631667
"459","Thelebolales",0.00880278222480401,0.0139289682904602,-0.662056920429554,-0.458902887765945,1.819129020742,-0.25226516785421,0.800836109658181
"460","Thelephora",0.00165745441677624,0.0314052850803822,-4.24396626633818,-2.94169325190382,2.61834446615309,-1.1234936006055,0.261227916938002
"461","Thelephoraceae",0.00720730723705787,0.0942158552411466,-3.70843761436534,-2.57049307667979,1.33503330458549,-1.92541494496865,0.0541774673833129
"462","Thelephorales",0.00667698566061404,0.0942158552411466,-3.81870101909425,-2.64692184478657,1.36791278980459,-1.9350077464841,0.0529893450927704
"463","Thelonectria",0.000262744995587626,0.00152016557184432,-2.5324932751627,-1.75539057346604,9.95359632352133,-0.176357420615691,0.86001315373897
"464","Thelonectria olida",0.000102977015272509,0.00152016557184432,-3.88383420090512,-2.69206872611967,15.1072041227394,-0.178197680010662,0.858567731648598
"465","Thermomyces",0.000877708121380299,0.00608066228737727,-2.79241530453704,-1.93555479529229,4.85920615112914,-0.398327367700282,0.690388889483507
"466","Tomentella",0.00366264526787138,0.0392566063504778,-3.42197757433218,-2.37193410758771,1.94780032715679,-1.21775013306936,0.223318939540452
"467","Trechisporales",0.00842297595863335,0.0314052850803822,-1.89860541201756,-1.31601298833583,1.71684663907764,-0.76652914615766,0.443361516315403
"468","Tremella",0.00445308690474299,0.00226082701247859,0.97795515885811,0.677866861076552,14.9357759371554,0.0453854465900388,0.963800080973151
"469","Tremellaceae",0.00526664530836904,0.00661697624686042,-0.329287798792121,-0.228244909325552,4.52920221278886,-0.0503940646944553,0.959808366066489
"470","Tremellales",0.153788664506382,0.0523294080357351,1.55525532468385,1.07802084335545,0.763174986131627,1.41254740124505,0.157788843953779
"471","Tremellomycetes",0.216925946508638,0.0811269366075002,1.41894970638121,0.983540988334496,0.615620711296998,1.59764116165351,0.110122860275115
"472","Trichocladium",0.00744380067391987,0.00152016557184432,2.29181095798975,1.58856230390698,7.63303392261757,0.208116761960128,0.835137799547042
"473","Trichocomaceae",0.001074195683298,0.00760082785922159,-2.82289973201705,-1.95668499025104,4.36563448895388,-0.448201743687414,0.654007604420734
"474","Trichoderma",0.00443688547074926,0.00760082785922159,-0.776609247726399,-0.538304510458332,3.57509928020332,-0.150570506793791,0.880314528265946
"475","Tricholoma",0.0056097855884251,0.00785132127009555,-0.484989829647908,-0.336169333020696,3.72859787744754,-0.0901597179610113,0.928160294321317
"476","Tricholomataceae",0.00996819700787969,0.00785132127009555,0.34439712125349,0.23871789358982,3.00273906403593,0.079500045957694,0.936634895061188
"477","Trichophyton",0.000560978558842509,0.00152016557184432,-1.43821093045115,-0.996891851492708,10.6882443928957,-0.0932699342237462,0.925689116952386
"478","Trichosporon",0.000842408552274872,0.00403451299582718,-2.2598025489346,-1.56637576541619,7.12260171256667,-0.219916236879086,0.825936390652844
"479","Trichosporonaceae",0.00344266451275184,0.0234420202405713,-2.76749940461402,-1.91828440950954,2.76363059312199,-0.694117518558262,0.487608513096854
"480","Trichosporonales",0.00419309096610439,0.0245724337468106,-2.55095472088042,-1.76818707251434,2.64192539779323,-0.669279713193751,0.503317065274286
"481","Trimorphomycetaceae",0.00589581749280326,0.0273627600318355,-2.21444998850654,-1.53493976602431,1.69377700142156,-0.906223053410252,0.364817803315653
"482","Tritirachiaceae",0.000560978558842509,0.00785132127009555,-3.80691792453527,-2.63875442601474,8.20855783557979,-0.321463828222921,0.747858919644756
"483","Tritirachiales",0.000560978558842509,0.00785132127009555,-3.80691792453527,-2.63875442601474,8.20855783557979,-0.321463828222921,0.747858919644756
"484","Tritirachiomycetes",0.000560978558842509,0.00785132127009555,-3.80691792453527,-2.63875442601474,8.20855783557979,-0.321463828222921,0.747858919644756
"485","Tuber",0.000467684585910571,0.00678248103743577,-3.85820532312851,-2.6743041417479,17.643592490902,-0.151573674302834,0.879523198324541
"486","Tuberaceae",0.000467684585910571,0.00678248103743577,-3.85820532312851,-2.6743041417479,17.643592490902,-0.151573674302834,0.879523198324541
"487","Tubeufiaceae",0.00755355759642969,0.00152016557184432,2.31292782297404,1.60319939933311,7.49556043688378,0.213886528276681,0.830635546021555
"488","Tubeufiales",0.00807405316648975,0.00152016557184432,2.40906462057625,1.66983634953914,7.48968909214184,0.222951357392275,0.823573364772156
"489","Umbelopsidaceae",0.00117287154232225,0.0392566063504778,-5.06481854301596,-3.51066469313924,3.25067958055967,-1.07997869557319,0.280151667297016
"490","Umbelopsidales",0.00117287154232225,0.0392566063504778,-5.06481854301596,-3.51066469313924,3.25067958055967,-1.07997869557319,0.280151667297016
"491","Umbelopsidomycetes",0.00135002266616725,0.0392566063504778,-4.86187992561933,-3.36999836266404,3.06418571239408,-1.09980225709982,0.271418288705839
"492","Umbelopsis",0.00117287154232225,0.0392566063504778,-5.06481854301596,-3.51066469313924,3.25067958055967,-1.07997869557319,0.280151667297016
"493","Venturia",0.00277647432179647,0.00785132127009555,-1.49968140706262,-1.03949993904363,3.29621586776144,-0.315361608810403,0.752487112438538
"494","Venturiaceae",0.00415480302371962,0.00785132127009555,-0.918155378836124,-0.636416812156207,3.14665869578274,-0.202251617885713,0.839720021602388
"495","Venturiales",0.021896685846237,0.0057894683587783,1.91920975036767,1.33029482737051,2.55678338323579,0.520300169381939,0.602854377859765
"496","Verrucaria",0.0182556433646901,0.00785132127009555,1.21733514766106,0.843792425397785,2.92966297576577,0.288016892174169,0.773333808221412
"497","Verrucariaceae",0.0188293714362336,0.0235539638102867,-0.322985025551975,-0.223876159824433,1.80471497026438,-0.124050702472777,0.901275130292872
"498","Verrucariales",0.0190206141267481,0.0235539638102867,-0.308406038266972,-0.213770775892414,1.80303304850044,-0.118561762398202,0.905622560795846
"499","Vishniacozyma",0.045046485960134,0.0363106169624446,0.311023123431713,0.215584801095641,2.18317027878236,0.0987485049566916,0.921337955652632
"500","Vishniacozyma carnescens",0.00543381026257458,0.00403451299582718,0.429569653539281,0.297754994204863,6.53994148085087,0.0455286939610542,0.963685904132885
"501","Vishniacozyma pseudopenaeus",0.000132891782613413,0.00403451299582718,-4.92407073378566,-3.41310574600127,13.0786183274926,-0.260968372999048,0.794116897018512
"502","Vishniacozyma tephrensis",0.00310289800976656,0.0121035389874815,-1.96374076049066,-1.36116137148475,4.04077508160052,-0.336856505001412,0.736225074910356
"503","Vishniacozyma victoriae",0.00870490343189133,0.00403451299582718,1.10943375641362,0.769000880276133,6.49784385854522,0.118347085128066,0.905792650973206
"504","Xenopolyscytalum",0.000102977015272509,0.0235539638102867,-7.83750369571039,-5.43254358930981,13.2688546909563,-0.409420685947559,0.682230961535729
"505","Xylariaceae",0.0104360886617664,0.00456049671553295,1.19431823396029,0.827838316560918,4.36272392683867,0.189752624837939,0.849502981215247
"506","Xylariales",0.0561243476985464,0.0136814901465989,2.03640139955551,1.41152588859023,2.49647209659311,0.565408237695313,0.571796122770793
"507","Xylodon",0.00825738801001135,0.0235539638102867,-1.51221246278193,-1.04818580498491,1.98198498362003,-0.528856582490565,0.596904942764875
"508","Xylodon flaviporus",0.000308931045817527,0.0157026425401911,-5.66757869426808,-3.92846619253354,7.86023123137205,-0.499790155899498,0.617222842866305
"509","Yamadamyces",0.00040105633762517,0.00403451299582718,-3.33051772110421,-2.30853896818832,8.40503158614201,-0.274661545828641,0.78357627724014
"510","Yamadamyces rosulatus",0.00040105633762517,0.00403451299582718,-3.33051772110421,-2.30853896818832,8.40503158614201,-0.274661545828641,0.78357627724014
"511","Zopfiaceae",0.000102977015272509,0.00304033114368863,-4.88383420090512,-3.38521590667961,14.1710381183666,-0.238882704174802,0.811196537417738
